,,,,,,,AMAZON WASHING MACHINE DATA
Product Name,Rating,Price,,,,,
"Samsung 7 kg Fully-Automatic Top Loading Washing Machine (WA70A4002GS/TL, Imperial Silver)",4.3,"15,690",,,,,
"Haier 6 Kg 5 star Fully Automatic Top Loading Washing Machine HWM60-AE, Titanium Grey, 2024, Oceanus Wave Drum,Near Zero Pressure)",4.2,"11,990",,,,,
Whirlpool 7.0 Kg 5 Star Ace Supreme Semi-Automatic Top Loading Washing Machine (ACE SUPREME RYL SRS 7.0 GREY DAZZLE (5YR),4.2,"9,990",,,,,
"LG 7 Kg 5 Star Wind Jet Dry Semi-Automatic Top Loading Washing Machine (P7020NGAZ, Dark Gray, Rat Away Feature)",4.3,"11,490",,,,,
"Godrej 6.5 Kg 5 Star I-Wash Technology for Automatic One Touch Wash Fully-Automatic Top Load Washing Machine (2023 Model, WTEON 650 AP 5.0 GPGR, Graphite Grey, With Toughened Glass Lid)",4.1,"12,990",,,,,
"Power Guard 6.5 kg 5 Star Semi-Automatic Top Loading Washing Machine Appliance (2024 Model,PG65WM-Bk-OP, Black, Powerful Motor,Effective Wash Pulsator,1350 RPM & Castors)",3.5,"6,699",,,,,
"Samsung 7 kg, Eco Bubble Techn, Digital Inverter Motor, Soft Closing Door, Fully-Automatic Top Load Washing Machine (WA70BG4441YYTL, Lavender Gray)",4.1,"17,490",,,,,
"Samsung 8 kg, 5 star, Eco Bubble Tech, Digital Inverter Motor, Soft Closing Door, Fully-Automatic Top Load Washing Machine (WA80BG4441BGTL, Light Gray)",3.9,"19,490",,,,,
"LG 7 Kg 5 Star Inverter TurboDrum Fully Automatic Top Loading Washing Machine (T70SKSF1Z, Waterfall Circulation, Smart Motion, Middle Free Silver)",4.2,"17,490",,,,,
"Godrej 7 Kg 5 Star I-Wash Technology Fully Automatic Top Load Washing Machine (WTEON 700 5.0 AP GPGR, Graphite Grey, With Toughened Glass Lid)",4.1,"13,490",,,,,
"Voltas Beko, A Tata Product 6.5 Kg 5 Star Semi-Automatic Top Loading Washing Machine (2024 Model, WTT65UNX/OK3I0I0W01, Blue, Pulsator wash technology)",2.9,"8,190",,,,,
"LG 7 Kg 5 Star Inverter Touch panel Fully-Automatic Front Load Washing Machine with In-Built Heater (FHM1207SDM, Middle Black, Steam for Hygiene Wash)",4.3,"28,990",,,,,
"Godrej 7 Kg 5 Star, Active Soak Technology Semi-Automatic Top Load Washing Machine (WS EDGE CLS 70 5.0 PN2 GPGR, Graphite Grey, 460 W PowerMax Wash For Heavy Laundry Wash)",4.2,"9,990",,,,,
"Whirlpool 6 Kg 5 Star Royal Fully-Automatic Top Loading Washing Machine (WHITEMAGIC ROYAL 6 GENX, Grey, ZPF Technology)",4.2,"13,790",,,,,
"Panasonic 6 Kg 5 Star Fully-Automatic Top Load Washing Machine ( NA-F60LF1HRB, Grey, Durable Metal Body, 8 Wash Program, Aquabeat wash technology, One touch smart wash, 2022 model)",4.3,"13,890",,,,,
"Samsung 6 kg, 5 star, Semi-Automatic Washing Machine (WT60R2000LL/TL, Air Turbo Drying, LIGHT GRAY, Awarded as Washing Machine Brand of the year)",4.1,"9,090",,,,,
"LG 7 Kg 5 Star Inverter Touch Panel Fully-Automatic Front Load Washing Machine with In-Built Heater (FHM1207SDW, White, 6 Motion Direct Drive, 1200 RPM & Steam)",4.3,"26,990",,,,,
"Whirlpool 7.5 Kg 5 Star Royal Fully-Automatic Top Load Washing Machine (WHITEMAGIC ROYAL 7.5 GENX, Grey, Hard Water Wash, ZPF Technology)",4.1,"16,490",,,,,
"Godrej 7 Kg 5 Star I-Wash Technology Fully Automatic Top Load Washing Machine (WTEON 700 5.0 AP GPGR, Graphite Grey, With Toughened Glass Lid)",4.1,"13,490",,,,,
"LG 8.5 kg 5 Star Semi-Automatic Top Load Washing Machine (P8530SRAZ, Burgundy, Roller Jet Pulsator)",4.3,"14,490",,,,,
"IFB 6 Kg 5 Star AI Powered Fully Automatic Front Load Washing Machine 2X Power Steam (DIVA AQUA GBS 6010, 2023 Model, Grey, In-built Heater, 4 years Comprehensive Warranty)",4,"23,990",,,,,
"Panasonic 6.5 kg 5 Star Semi-Automatic Top Loading Washing Machine (NA-W65L7ARB, Blue, Powerful Motor, Active Foam System, Effective Wash Pulsator, 2023 Model)",4.1,"8,490",,,,,
"Voltas Beko, A Tata Product 6.5 Kg 5 Star Fully-Automatic Top Loading Washing Machine (2024 Model, WTL6504UEA/OBS2P10 Eco-Series,Dark Grey, Pulsator wash and Double waterfall technology)",3.9,"12,990",,,,,
"Onida 6.5 kg Top Load Washer Only (WS65WLPT1LR Liliput, Lava Red)",4.1,"5,599",,,,,
"Bosch 9kg 5 Star Anti Stain & AI Active Water Plus Fully Automatic Front Load Washing Machine with Built in Heater (WGA14200IN, Pretreatment & Steam with Anti Bacteria and 5 Star Inverter, White)",4.3,"37,990",,,,,
"Midea 7 KG Semi Automatic Top Loading Washing Machine Appliance, Rust proof Body, Air Dry Function with 1350 RPM (MWMSA070PCH, Blue White)",4,"7,890",,,,,
Whirlpool 6.5 Kg 5 Star Ace Supreme Semi-Automatic Top Loading Washing Machine (ACE SUPREME RYL SRS 6.5 GREY (5YR),4.3,"9,390",,,,,
"Whirlpool 7.5 Kg 5 Star Ace Supreme Semi-Automatic Top Loading Washing Machine (ACE 7.5 SUPREME, Grey Dazzle, Fast Drying)",4.3,"10,990",,,,,
"Voltas Beko, A Tata Product 7.5 Kg 5 Star Semi-Automatic Top Loading Washing Machine (2024 Model, WTT75UHA/OK5R0R0W01, Burgundy, Air Dry & Pulsator wash technology)",4.6,"9,790",,,,,
"LG 6 Kg 5 Star Anti Rust Semi-Automatic Top Loading Washing Machine (P6001RGZ, Roller Jet Pulsator, Collar Scrubber, Dark Grey)",3.8,"9,990",,,,,
"LG 11 Kg 5 Star Wind Jet Dry Rat Away Technology Semi-Automatic Top Loading Washing Machine (P1155SKAZ, Roller Jet Pulsator, Punch + 3, Middle Black)",4.4,"18,990",,,,,
"Voltas Beko, A Tata Product 8.5 Kg 5 Star Semi-Automatic Top Loading Washing Machine (2024 Model, WTT85UHA/OK5I0I0W01, Blue, Air Dry & Pulsator wash technology)",2.2,"10,990",,,,,
"Samsung 8.5 Kg 5 Star Semi Automatic Top Load Washing Machine (WT85B4200GD/TL,DARK GRAY) (Sponsored)",4,"15,290",,,,,
"Panasonic 7 Kg 5 Star Fully-Automatic Top Load Washing Machine (2024 Model, NA-F70LF3CRB, Charcoal Inox Grey, 12 Wash Program, Active Foam Wash Technology, Antibacterial Water Inlet) (Sponsored)",4.3,"15,190",,,,,
"Bosch 9kg 5 Star Anti Stain & AI Active Water Plus Fully Automatic Front Load Washing Machine with Built in Heater (WGA14200IN, Pretreatment & Steam with Anti Bacteria and 5 Star Inverter, White)",4.3,"37,990",,,,,
"Samsung 7 kg, 5 star, Semi-Automatic Washing Machine (WT70M3000UU/TL, Air Turbo Drying, LIGHT GRAY)",4.2,"11,190",,,,,
"Power Guard 7.5 kg 5 Star Semi-Automatic Top Loading Washing Machine Appliance (2024 Model,PG75WM-BG-OP, Burgundy, Powerful Motor, Effective Wash Pulsator,1400 RPM & Castors)",3.5,"7,799",,,,,
"Whirlpool 7.5 Kg 5 Star Stainwash Pro Fully Automatic Top Load Washing Machine (Stainwash Pro H 7.5, Kg 5 Star with In-Built Heater), Grey",4.1,"17,990",,,,,
"Whirlpool 8.5 kg 5 Star Semi-Automatic Top Loading Washing Machine (ACE 8.5 TRB DRY, GREY DAZZLE (10YR)-N, Grey Dazzle, 2x Drying Power)",4.3,"12,990",,,,,
"Onida 6.5 kg Top Load Washer Only (WS65WLPT1LR Liliput, Lava Red)",4.1,"5,599",,,,,
"Voltas beko, A TATA Product 7 kg 5 Star Eco Wash/Monsoon dry Fully-Automatic Top-Load Washing Machine (WTL70, Water Reuse, 2023 Model, Dark Grey)",3.8,"14,190",,,,,
"Voltas beko, A Tata Product 9 kg 5 Star Semi-Automatic Twin Tub Top Load Washing Machine, (WTT90UDX/BKGR4KPTD, Black, 2023 Model, Special Pulsator wash Method)",4,"12,390",,,,,
"Whirlpool 7.5 Kg 5 Star Royal Fully-Automatic Top Load Washing Machine (WHITEMAGIC ROYAL 7.5 GENX, Grey, Hard Water Wash, ZPF Technology) (Sponsored)",4.1,"16,490",,,,,
"IFB 6 Kg 5 Star AI Powered Fully Automatic Front Load Washing Machine 2X Power Steam (DIVA AQUA GBS 6010, 2023 Model, Grey, In-built Heater, 4 years Comprehensive Warranty) (Sponsored)",4,"23,990",,,,,
REYANSH-Washing-Machine-Portable-Mini-Foldable-Washer-and-Spin-Dryer-Small-Foldable-Bucket-Washer-for-Camping-RV-Travel-Small-Spaces-Lightweight-and-Easy-to-Carry (1.5 KG),4.1,"1,797",,,,,
"ROMINO 2 Kg Portable Mini Top Loading Washing Machine, Foldable Bucket Washer with Modes, Single Person Use Mobile Washing & Spin Dry for Baby Clothes, Travel, Lightweight (Multi1) (Multi)",4.9,"4,699",,,,,
"Voltas Beko 7Kg Semi Automatic Top Loading Washing Machine (WTT70DLIM,Burgundy)",4,"9,990",,,,,
"Godrej 7.5 Kg 5 Star Storm Force Pulsator Semi Automatic Top Load Washing Machine (WS EDGE CLS 75 5.0 PN2 GPGR, Graphite Grey, With Translucent Lid)",4,"10,490",,,,,
"LG 11 Kg 5 Star Wind Jet Dry Rat Away Technology Semi-Automatic Top Loading Washing Machine (P1155SKAZ, Roller Jet Pulsator, Punch + 3, Middle Black)",4.4,"18,990",,,,,
"Whirlpool 7 Kg Steam Technology Inverter Front Load Washing Machine with In-Built Heater (XS7010BWW52E, Crystal White, 100+ Tough Stains, 6th Sense Soft Move, 2024 Model)",4.3,"26,990",,,,,
"LG 8 Kg 5 Star Inverter Direct Drive Touch Panel Fully Automatic Front Load Washing Machine (FHM1408BDM, Steam for Hygiene, In-Built Heater, 6 Motion DD, Middle Black)",4.3,"34,990",,,,,
Whirlpool 7.5 Kg 5 Star StainWash Fully-Automatic Top Loading Washing Machine-Built In Heater (SW PRO PLUS H 7.5 MIDNIGHT GREY 10YMW),4.1,"20,440",,,,,
"Samsung 11.5 Kg Semi-Automatic Top Load Washing Machine Appliance (WT11A4260GD/TL,Dark Gray) (Sponsored)",4.1,"18,499",,,,,
"Samsung 6.5 kg, 5 star, Semi-Automatic Washing Machine (WT65R2200LL/TL, Air Turbo Drying, LIGHT GRAY) (Sponsored)",4,"9,690",,,,,
"Samsung 8 kg, 5 Star, Digital Inverter, Motor, Fully-Automatic Front Load Washing Machine (WW80T4040CE1TL, Hygiene Steam, White)",4.4,"32,490",,,,,
"Voltas beko, A TATA Product 7 kg 5 Star Eco Wash/Monsoon dry Fully-Automatic Top-Load Washing Machine (WTL70, Water Reuse, 2023 Model, Dark Grey)",3.8,"14,190",,,,,
REYANSH-Washing-Machine-Portable-Mini-Foldable-Washer-and-Spin-Dryer-Small-Foldable-Bucket-Washer-for-Camping-RV-Travel-Small-Spaces-Lightweight-and-Easy-to-Carry (1.5 KG),4.1,"1,797",,,,,
"Samsung 8 Kg 5 Star Eco Bubble Technology, AI Control & Wi-Fi, Fully-Automatic Front Loading Washing Machine Appliance (WW80T604DLB1TL, Digital Inverter, In-Built Heater, Black Caviar)",4,"37,990",,,,,
"IFB 6.5 Kg 5 Star Fully Automatic Top Load Washing Machine Aqua Conserve (TL-REW 6.5KG AQUA, White, Hard Water Wash, 4 Years Comprehensive Warranty)",4.2,"17,590",,,,,
"IFB Laundrimagic 3-in-1 8.5/6.5/2.5 Kg Inverter Front Load Washer Dryer Refresh (Executive ZXS, Silver)",3.8,"58,790",,,,,
"LG 8 Kg 5 Star Inverter Direct Drive Touch Panel Fully Automatic Front Load Washing Machine (FHM1408BDM, Steam for Hygiene, In-Built Heater, 6 Motion DD, Middle Black)",4.3,"34,990",,,,,
"Haier 8 Kg 5 star Fully Automatic Front Load Washing Machine HW80-IM12929C, Ice white, 2024, Super Drun 525, Inverter motor 1200 RPM, Puri Steam)",4.3,"31,990",,,,,
"Samsung 8 kg, 5 star, Eco Bubble Technology, AI Control, Wi-Fi, Fully-Automatic Front Load Washing Machine (WW80T504DAX1TL, Hygiene Steam, Inox)",4.4,"35,990",,,,,
"Haier 8.5 Kg 5 star SEMI Automatic Top Loading Washing Machine HTW85-186, ice white, 2024, Anti Bacterial anti bacterial vortex Pulsator, Magic Filter, 1300 RPM & Castors)",4.1,"11,990",,,,,
"IFB 6 Kg 5 Star Fully Automatic Front Load Washing Machine 2X Power Steam (DIVA AQUA BXS 6008, White & Black, In-built Heater, 4 years Comprehensive Warranty)",4,"22,990",,,,,
"Whirlpool 9kg 5 Star Semi-Automatic Top Loading Washing Machine (Ace 9.0 Grey Dazzle, 10Yr -NH, 10 Min Quick Drying, 10Yr Warranty)",4.1,"13,990",,,,,
"Bosch 7.5KG 5 Star Semi Automatic Top Loading Washing Machine (Spin Drum Safety Disk, Unique Impeller,WJZ751W0IN)",4.5,"12,490",,,,,
"Voltas Beko 14 Kg 5 Star Semi Automatic Top Load Washing Machine (WTT140UPA/GR5KPTD, Grey)",3.7,"16,490",,,,,
"Samsung 7 kg, 5 star, Hygiene Steam with Inbuilt Heater, Digital Inverter, Fully-Automatic Front Load Washing Machine (WW70R20GLSS/TL, DA SILVER)",4.3,"29,990",,,,,
"Samsung 8.5 KG 5 Star Semi-Automatic Top Load Washing Machine Appliance (WT85B4200RR/TL,LIGHT GRAY)",4,"14,250",,,,,
"Samsung 7 kg, 5 Star, AI Control, Wi-Fi, Digital Inverter, Motor, Fully-Automatic Front Load Washing Machine (WW70T502NAN1TL, Hygiene Steam, Inox)",4.4,"31,490",,,,,
"Samsung 8 Kg, Eco Bubble Technology, Super Speed, Wi-Fi, Soft Closing Door, Fully-Automatic Top Load Washing Machine (WA80BG4546BDTL, Versailles Gray)",4.2,"22,590",,,,,
"Whirlpool 11Kg Semi-Automatic Top Loading Washing Machine (ACE XL 11 DMIX GRAPHITE GREY,10YR MW, Dynamix Detergent Dispenser, 2024 Model)", ,"17,900",,,,,
"Samsung 8.5 kg, 5 star, Semi-Automatic Washing Machine (WT85C4200GG/TL, Air Turbo Drying, LIGHT GRAY)",4, ,,,,,
DMR Model -DMR 30-1208 Portable 3 kg 4 Star Single Tub Top Load Mini Washing Machine with 1.5 kg Dryer Basket (Blue) - with 1 year Spare Supply Warranty,3.7,"5,399",,,,,
"Voltas Beko, A Tata Product 6.5 Kg 5 Star Fully Automatic Front Loading Washing Machine (2023 Model, WFL6512B7CUSKA/WXV, White, In-Built Heater)",3.8,"21,990",,,,,
"IFB 8 Kg 5 Star AI Powered Fully Automatic Front Load Washing Machine, 2X Power Steam (SENATOR NEO SXS 8012, 2023 Model, Silver, In-built Heater, 4 years Comprehensive Warranty",4.2,"33,990",,,,,
"IFB 7.0 Kg 5 Star Top Load Washing Machine Aqua Conserve (TL-REGS 7.0KG AQUA, Medium Grey, 2X Power Steam, 4 Years Comprehensive Warranty)",4.2,"21,290",,,,,
"Samsung 9 kg, Hygiene Steam with Inbuilt Heater, Digital Inverter, Fully-Automatic Front Load Washing Machine (WW90T4040CB1TL, Black)",4.4,"38,990",,,,,
"ROMINO 2 Kg Portable Mini Top Loading Washing Machine, Foldable Bucket Washer with Modes, Single Person Use Mobile Washing & Spin Dry for Baby Clothes, Travel, Lightweight (Multi1) (Multi)",4.9,"4,699",,,,,
"Voltas beko, A Tata Product 7.5 kg Semi-Automatic Top Load Single Tub Washing Machine (WST75UC/BLSSWH2PTD, Blue, Washer only)",3.9, ,,,,,
"Whirlpool 7.5 Kg 5 Star Bloom Wash Fully-Automatic Top Loading Washing Machine (360 BW PRO (540) H 7.5 GRAPHITE 10 YMW, Graphite, In-Built Heater)",4,"22,490",,,,,
"Samsung 7 Kg 5 Star Inverter Fully Automatic Top Loading Washing Machine (WA70BG4545BDTL Versailles Gray, Ecobubble)",4.1,"21,990",,,,,
"Whirlpool 7.5 Kg 5 Star Turbo Dry Semi-Automatic Top Loading Washing Machine ( ACE 7.5 TRB DRY MAX Grey Dazzle, 5 YR, 10 MIN Quick Drying)",4.2,"12,300",,,,,
"LG 9 Kg 5 Star Direct Drive Technology, Steam Wash, 6 Motion DD, Smart Diagnosis, Fully-Automatic Front Load Washing Machine (FHM1409BDM, Allergy Care, In-Built Heater, Touch Panel, Middle Black)",4.3,"37,990",,,,,
"IFB 8 Kg 5 Star AI Powered Fully Automatic Front Load Washing Machine, 2X Power Steam (SENATOR NEO MXS 8012, 2023 Model, Mocha, In-built Heater, 4 years Comprehensive Warranty)",4,"36,990",,,,,
"IFB 7.0 Kg 5 Star Top Load Washing Machine Aqua Conserve (TL-REGS 7.0KG AQUA, Medium Grey, 2X Power Steam, 4 Years Comprehensive Warranty)",4.2,"21,290",,,,,
"Whirlpool 7.5 Kg 5 Star Bloom Wash Fully-Automatic Top Loading Washing Machine (360 BW PRO (540) H 7.5 GRAPHITE 10 YMW, Graphite, In-Built Heater)",4,"22,490",,,,,
"Samsung 8.5 kg, 5 star, Semi-Automatic Washing Machine (WT85C4200GG/TL, Air Turbo Drying, LIGHT GRAY)",4, ,,,,,
"IFB 10 Kg 5 Star AI Eco Inverter Fully Automatic Front Load Washing Machines with Wifi (Executive Plus MXC 1014, 2023 Model, Mocha, Oxyjet™ 9 Swirl Wash, 4 Years Comprehensive Warranty)",4.4,"46,990",,,,,
"IFB 8 Kg 5 Star AI Powered Fully Automatic Front Load Washing Machine, 2X Power Steam (SENATOR NEO MXS 8012, 2023 Model, Mocha, In-built Heater, 4 years Comprehensive Warranty)",4,"36,990",,,,,
"Samsung 7 Kg Inverter Ecobubble 5 Star Fully Automatic Top Load Washing Machine (WA70BG4441BYTL,Lavender Gray)",3.8,"17,490",,,,,
"Samsung 7 Kg 5 Star Inverter Fully Automatic Top Loading Washing Machine (WA70BG4545BDTL Versailles Gray, Ecobubble)",4.1,"21,990",,,,,
"Whirlpool 11Kg Semi-Automatic Top Loading Washing Machine (ACE XL 11 DMIX GRAPHITE GREY,10YR MW, Dynamix Detergent Dispenser, 2024 Model)", ,"17,900",,,,,
Whirlpool 6.5 kg 5 Star Supreme Semi-Automatic Top Loading Washing Machine (ACE 6.5 SUPREME PLUS (CORAL RED) (5YR),4.1, ,,,,,
DMR 4.6kg Portable Washing Machine 4 star - Only Washer (No Dryer) - Model DMR OW-46,3.5,"5,599",,,,,
"Godrej 7.5 Kg 5 Star Germshield Technology Fully-Automatic Top Load Washing Machine Appliance With In Built Heater (2024 Model, WTEON ADR 75 5.0 PFDTG AURD, Roller Coaster Wash Technology, Autumn Red)",4.2,"16,490",,,,,
"Godrej 8 Kg 5 Star Active Soak Technology Semi-Automatic Top Load Washing Machine (WSEDGE CLS 80 5.0 PN2 M WNRD, Wine Red, Wash Upto 8 King Size Bedsheets)",4,"11,990",,,,,
"Whirlpool 7.5 Kg 5 Star Turbo Dry Semi-Automatic Top Loading Washing Machine ( ACE 7.5 TRB DRY MAX Grey Dazzle, 5 YR, 10 MIN Quick Drying)",4.2,"12,300",,,,,
Whirlpool Whitemagic Classic 6.5 Kg GenX Fully Automatic Top Load Washing Machine,4.6, ,,,,,
"IFB 9 Kg 5 Star AI Powered Front Load Washing Machine, 2X Power Steam (EXECUTIVE SXS ID 9014, 2023 Model, Silver, In-built Heater, 4 years Comprehensive Warranty)",4.2,"40,490",,,,,
"Haier 11 Kg 5 star SEMI Automatic Top Loading Washing Machine HTW110-178FL, BLACK, 2024, Toughened Glass, Anti Bacterial, Softfall Technology & Magic Filteranti bacterial vortex Pulsator,)",3.6,"16,990",,,,,
"IFB 9 Kg 5 Star AI Powered Front Load Washing Machine, 2X Power Steam (EXECUTIVE SXS ID 9014, 2023 Model, Silver, In-built Heater, 4 years Comprehensive Warranty)",4.2,"40,490",,,,,
"LG 9 Kg (Wash) / 5 Kg (Dry), Ai Direct Drive Technology, Steam, TurboWash & Wi-Fi Fully Automatic Front Load Washer Dryer (FHD0905SWM, Intelligent & Convenient Fabric Care, Allergy Care, Middle Black)",4.2,"49,990",,,,,
"Bosch 8KG 5 Star Semi Automatic Top Loading Washing Machine (Spin Drum Safety Disk, Unique Impeller,WJZ801W0IN)",4.6,"13,490",,,,,
"Whirlpool 7 KG 5 Star, Supersoak Technology Semi Automatic Top Load Washing Machine (ACE 7.0 Super Soak (Wine)) (Wine)",4.5, ,,,,,
"Godrej 8 Kg 5 Star Active Soak Technology Semi-Automatic Top Load Washing Machine (WSEDGE CLS 80 5.0 PN2 M WNRD, Wine Red, Wash Upto 8 King Size Bedsheets)",4,"11,990",,,,,
DMR 4.6kg Portable Washing Machine 4 star - Only Washer (No Dryer) - Model DMR OW-46,3.5,"5,599",,,,,
"Whirlpool 8 Kg Steam Technology Inverter Front Load Washing Machine with In-Built Heater (XS8014BYW52E, Crystal White, 100+ Tough Stains, 6th Sense Soft Move, 2024 Model)",4.2,"30,990",,,,,
"Samsung 9 kg, 5 star, Eco Bubble Technology, Wi-Fi, Soft Closing Door, Fully-Automatic Top Load Washing Machine (WA90BG4542BDTL, Versailles Gray)",4.1,"23,990",,,,,
"Samsung 9 Kg 5 Star Wi-Fi Enabled Inverter Fully Automatic Top Loading Washing Machine (WA90BG4582BDTL Versailles Gray, In-Built Heater, Ecobubble)",3.8, ,,,,,
"ROMINO 0.8 Kg Portable Mini Top Loading Washing Machine, Foldable Bucket Washer with Modes, Single Person Use Mobile Washing & Spin Dry for Baby Clothes, Travel, Lightweight (Multi1)",4.8,"2,799",,,,,
"Samsung 8 Kg 5 Star Inverter Fully-Automatic Top Loading Washing Machine (WA80T4560BM/TL, Magnolia Plum, Activ Wash+ Technology)",4.1,"21,990",,,,,
HNUMANT SeMi AuToMaTiC FoLdInG 9L SmAlL MiNi WaShInG MaChInE WiTh DrYeR DeEp CLeAnInG FoR UnDeRwEaR WaShINg MaChInE34, ,"1,599",,,,,
"Onida 7.5 kg 5 Star Semi-Automatic Top Loading Washing Machine (S75TIB, Blue)",3.7,"10,200",,,,,
"Godrej 7.5 Kg 5 Star Germshield Technology Fully-Automatic Top Load Washing Machine Appliance With In Built Heater (2024 Model, WTEON ADR 75 5.0 PFDTG AURD, Roller Coaster Wash Technology, Autumn Red)",4.2,"16,490",,,,,
"Haier 10 Kg Semi-Automatic with industry's Toughend Glass, Spray and with 5 Star rating (HTW100-178BKN)",3.6,"15,990",,,,,
"Godrej EDGE ULTIMA 8 Kg 5 star Semi-Automatic Top Loading Washing Machine (WSEDGE ULTS 80 5.0 DB2M CSGR, Crystal Grey, Stainless Steel Wash and Spin Drum)",4.2,"15,900",,,,,
White Westinghouse 8.5 kg Toughen Glass 3D Wash Semi Automatic Top Loading Washing Machine (SFW8500G/ BLACK/ 2023),5,"9,999",,,,,
"Haier 8 Kg 5 Star Fully Automatic Front Load Washing Machine (EFL80-IM12IBIEBK, Puristeam, Refresh, 1400 RPM, Inverter, 525mm Super Drum, Anti Bacterial Steam) | 5 Years warranty, Black", ,"32,990",,,,,
"Samsung 8.5 Kg, 5 Star, Semi-Automatic Washing Machine (Wt85B4200Gg/Tl, Air Turbo Drying, Light Gray, Awarded as Washing Machine Brand of the year)",4.2,"14,090",,,,,
"Samsung 7 kg, 5 star, Eco Bubble Technology with Super Speed, Soft Closing Door, Fully-Automatic Top Load Washing Machine (WA70BG4545BGTL, Light Gray)",4.1,"19,490",,,,,
"IFB 8.0 Kg Fully-Automatic Top Loading Washing Machine (TL-SBRS 8.0 KG Aqua, Brown, 2X Power Steam, 4 Years Comprehensive Warranty)",4,"27,190",,,,,
"Acer 7.0 Kg Quad Wash Series Fully-Automatic Top Load Washing Machine (AiSense, HelixFlow Pulsator, Pro-Foam Tub, 5 Star Energy Rating, CareTec Wash, AR70FATLP1EC, 2023 Model, Grey)",4.3,"13,990",,,,,
"LG 8 Kg 5 Star Inverter Direct Drive Fully Automatic Front Load Washing Machine Appliance (FHM1408BDL, Steam, In-Built Heater, Touch Panel, Silver)",4.3,"34,990",,,,,
"Lloyd 8.0 Kg Semi Automatic Top Load Washing Machine GLWMS80DDGAC, Dark Grey, Swift Dry",4,"11,490",,,,,
Olly's SeMi AuToMaTiC FoLdInG 9L SmAlL MiNi WaShInG MaChInE WiTh DrYeR DeEp CLeAnInG FoR UnDeRwEaR WaShINg MaChInE20, ,"1,599",,,,,
"Whirlpool 360 Degree Top Load Bloomwash Pro 10 Kg 5 Star Fully Automatic Top Load Washing Machine With In Built Heater And Inverter Motor (Dark Grey, 360 BW PRO INV H10)",2.9,"25,200",,,,,
"Voltas Beko 8.0 kg 5 Star Fully-Automatic Top Loading Washing Machine (WTL80UPGB, Gray) 2020",3.4,"22,100",,,,,
"IFB 10.0 Kg 5 Star Top Load Washing Machine Aqua Conserve (TL-SIBS 10.0KG AQUA, Inox, Power Dual Steam, Inbuilt Heater)",3.7,"31,990",,,,,
"Midea 6 Kg Fully Automatic Front Load Washing Machine (MF100W60/T-IN Silver, MF100 Series), Standard",4.1,"21,490",,,,,
"Samsung 9 kg, 5 Star, Digital Inverter Motor, Fully-Automatic Front Load Washing Machine (WW90T4040CX1TL, Hygiene Steam, Inox)",4.4, ,,,,,
"Exegi Enterprise Washing-Machine-Portable-Mini-Foldable-Washer-And-Spin-Dryer-Small-Foldable-Bucket-Washer-For-Camping-Rv-Travel-Small-Spaces-Lightweight-And-Easy-To-Carry - 0.8 Kg, Top Load",3,"1,399",,,,,
"IFB 7.0 Kg Fully-Automatic Top Loading Washing Machine (TL-SPGS 7.0 KG Aqua, Medium Grey, 2X Power Steam, 4 Years Comprehensive Warranty)",4.1,"25,790",,,,,
White Westinghouse 8.5 kg Toughen Glass 3D Wash Semi Automatic Top Loading Washing Machine (SFW8500G/ BLACK/ 2023),5,"9,999",,,,,
"Haier 8 Kg 5 star Fully Automatic Top Loading Washing Machine HWM80-H826S6, Starry Silver, 2024, Butterfly Shape Heater, Oceanus Wave Drum,Near Zero Pressure, Toughened glass)",4.2,"23,790",,,,,
"Lloyd 8.0 Kg Semi Automatic Top Load Washing Machine GLWMS80DDGAC, Dark Grey, Swift Dry",4,"11,490",,,,,
"IFB 7 Kg 5 Star Front Load Washing Machine 2X Power Steam (ELITE MXS 7012, Mocha, In-built Heater, 4 years Comprehensive Warranty)",4.2,"34,690",,,,,
"VG Semi Autmatic Washing Machine | Sleek Design and Powerful featured Washing Machine (Maroon,8 Kilograms)", ,"9,790",,,,,
HNUMANT SeMi AuToMaTiC FoLdInG 9L SmAlL MiNi WaShInG MaChInE WiTh DrYeR DeEp CLeAnInG FoR UnDeRwEaR WaShINg MaChInE34, ,"1,599",,,,,
"IFB 10.0 Kg 5 Star Top Load Washing Machine Aqua Conserve (TL-SIBS 10.0KG AQUA, Inox, Power Dual Steam, Inbuilt Heater)",3.7,"31,990",,,,,
"Samsung 10.5 kg, 5 star, Semi-Automatic Top Load Washing Machine (WT10C4260GG/TL, Air Turbo Drying, Light Gray, 2023 Model)", , ,,,,,
"Midea 7 Kg Fully Automatic Top Load Washing Machine (MA100W70/G-IN, Grey)",3.9,"13,490",,,,,
"Whirlpool 9 Kg Ozone Technology Inverter Front Load Washing Machine with In-Built Heater (XO9012BYM52E, Midnight Grey, 100+ Tough Stains, 1200 RPM, 2024 Model)",5,"37,990",,,,,
"Samsung 9 Kg, 5 Star, Eco Bubble Technology With Super Speed, Wi-Fi, Digital Inverter Motor, Dual Storm, Fully-Automatic Top Load Washing Machine (WA90BG4546BVTL, Black Caviar)",3.8,"24,800",,,,,
"IFB 7 Kg 5 Star Front Load Washing Machine 2X Power Steam (SERENA ZSS 7010, Silver & Black, In-built Heater, 4 years Comprehensive Warranty)",4.3,"32,900",,,,,
"Godrej 9 Kg 5 Star Active Soak Technology Semi-Automatic Top Load Washing Machine (WS EDGEPRO 90 5.0 PPB3 WNRD, Wine Red, With Rain Shower Spin)",4.2,"14,790",,,,,
"Acer 6.5 Kg Halo Wash Series Fully-Automatic Top Load Washing Machine (Glass Lid, AiSense, AutoBalance, HexFin Turbo Jet Tech, SwirlWash Tech, AR65FATLP0GT, 2023 Model, Grey)",4.1,"13,499",,,,,
"Godrej 8 Kg 5 Star Tri-Roto Scrub Pulsator Semi-Automatic Top Load Washing Machine Appliance (WSEDGE ULT 80 5.0 DB2M CSBK, Crystal Black)",4,"14,160",,,,,
"Samsung 9 kg, 5 Star, Eco Bubble Technology, AI Control , Wi-Fi, Digital Inverter Motor, Fully-Automatic Front Load Washing Machine Appliance (WW90T504DAN1TL, Hygiene Steam, Inox)",4,"40,990",,,,,
"Samsung 11.5 Kg Semi-Automatic Top Load Washing Machine Appliance (WT11A4260GD/TL,Dark Gray)",4.1,"18,499",,,,,
"DMR Portable Semi Automatic Top-Loading Mini Washing Machine 3 kg -With Dryer Basket (DMR 30-1208 (W2Yr), Blk)",3.7,"5,899",,,,,
"Samsung 9 kg, 5 Star, Digital Inverter Motor, Fully-Automatic Front Load Washing Machine (WW90T4040CX1TL, Hygiene Steam, Inox)",4.4, ,,,,,
"Panasonic 12 kg 5 Star Semi-Automatic Glass Lid Top Loading Washing Machine with Powerful Motor (NA-W120H6RRB, Red, Active Foam System)",3.7,"18,890",,,,,
"Exegi Enterprise Washing-Machine-Portable-Mini-Foldable-Washer-And-Spin-Dryer-Small-Foldable-Bucket-Washer-For-Camping-Rv-Travel-Small-Spaces-Lightweight-And-Easy-To-Carry - 0.8 Kg, Top Load",3,"1,399",,,,,
"LG 8 Kg 5 Star Inverter Direct Drive Fully Automatic Front Load Washing Machine Appliance (FHM1408BDL, Steam, In-Built Heater, Touch Panel, Silver)",4.3,"34,990",,,,,
"Godrej 9 Kg 5 Star Active Soak Technology Semi-Automatic Top Load Washing Machine (WS EDGEPRO 90 5.0 PPB3 WNRD, Wine Red, With Rain Shower Spin)",4.2,"14,790",,,,,
"IFB 7 Kg 5 Star Front Load Washing Machine 2X Power Steam (ELITE MXS 7012, Mocha, In-built Heater, 4 years Comprehensive Warranty)",4.2,"34,690",,,,,
"Voltas Beko 8.0 kg 5 Star Fully-Automatic Top Loading Washing Machine (WTL80UPGB, Gray) 2020",3.4,"22,100",,,,,
"Samsung 6.2 Kg Fully-Automatic Top-Loading Washing Machine (WA62N4422BS/TL, Silver, ActivWash+)",4.4,"19,100",,,,,
"Panasonic 8 kg 5 Star Inverter Fully Automatic Front Loading Washing Machine (NA-148MH2L01, 2024 Model, Dark Silver, Steam, Drynamic Spin)",4.4,"32,490",,,,,
"Midea 7 Kg Fully Automatic Top Load Washing Machine (MA100W70/G-IN, Grey)",3.9,"13,490",,,,,
"IFB 10 Kg 5 Star AI Powered Fully Automatic Top Load Washing Machine (TL S4BLS 10.0 Kg Aqua, Black VCM, 2X Power Steam, 4 Years Comprehensive Warranty)",3.7,"33,990",,,,,
"Godrej 7 Kg 5 Star Fully-Automatic Top Load Washing Machine Appliance With Roller Coaster Wash (WTEON ALR C 70 5.0 ROGR, Royal Grey)",3.9,"17,985",,,,,
"Haier 7.5 Kg 5 star Fully Automatic Top Loading Washing Machine HWM75-H826S6, Starry Silver, 2024, Butterfly Shape Heater, Oceanus Wave Drum,Near Zero Pressure, Toughened glass)",4.2,"23,290",,,,,
"IFB 8 Kg 5 Star Front Load Washing Machine 2X Power Steam (SENATOR MXS 8012, Mocha, In-built Heater, 4 years Comprehensive Warranty)",4.2,"38,390",,,,,
"Haier 10.5 Kg 5 star Fully Automatic Top Loading Washing Machine HWM105-826S6, Starry Silver,2024, Oceanus Wave Drum,Near Zero Pressure, Toughened glass)", ,"24,990",,,,,
HOMEICE Mini Folding High Powered Motor Compact Ultrasonic Small Automatic and Fast use Washing Machine (Multicolour),4.5,"4,119",,,,,
"IFB 10.0 Kg 5 Star Top Load Washing Machine Aqua Conserve (TL-SIBS 10.0KG AQUA, Inox, Power Dual Steam, Inbuilt Heater)",3.7,"31,990",,,,,
"IFB 8 Kg 5 Star Fully Automatic Front Load Washing Machine 2X Power Steam (SENATOR PLUS VXS 8012, White, In-built Heater, 4 years Comprehensive Warranty)",3.7,"33,490",,,,,
"Acer 6.5 Kg Halo Wash Series Fully-Automatic Top Load Washing Machine (Glass Lid, AiSense, AutoBalance, HexFin Turbo Jet Tech, SwirlWash Tech, AR65FATLP0GT, 2023 Model, Grey)",4.1,"13,499",,,,,
"Intex 8 KG Semi Automatic Top Loading Washing Machine with Air Dry Technology (Transparent Lid, Burgundy, SA80FBPT)",4.2,"10,290",,,,,
"Whirlpool 9.5 kg Fully-Automatic Top Loading Washing Machine Appliance (360° BLOOMWASH PRO Heater 9.5, Graphite, In-built Heater)",4, ,,,,,
"IFB 8.0 Kg Fully-Automatic Top Loading Washing Machine (TL-R3SG 8.0 KG Aqua, Sparkle Grey, Hard Water Wash, 4 Years Comprehensive Warranty)",4.3,"25,490",,,,,
"Voltas Beko 8.5 kg 5 Star Semi-Automatic Top Load Washing Machine (Special Pulsator Technology, WTT85DGRG, Grey)",4,"13,590",,,,,
"Voltas Beko 8 Kg 5 Star Top Load Fully Automatic Washing Machine (Grey,) WTL8011AU",4,"20,990",,,,,
"IFB 8 Kg 5 Star AI Powered Fully Automatic Front Load Washing Machine Steam Refresh (SENATOR WSS 8014, Silver, In-built Heater, 4 years Comprehensive Warranty)",4.2,"37,000",,,,,
"Black and Decker 7.5 Kg 5 Star Fully-Automatic Top Loading Washing Machine(2023 Model, Bxwd01175In, White, In-Built Heater, Bldc Motor Drive)",3.8,"19,090",,,,,
"Samsung 10.0 5 star Fully Automatic Top Load Washing Machine (WA10BG4686BVTL,Black Caviar)",2.9, ,,,,,
"Panasonic 10 Kg Wifi Fully-Automatic Top Loading Smart Washing Machine (NA-F100VF1CB, Dark Silver, 2024 Model, Drynamic Spin)", ,"28,190",,,,,
Voltas Beko 9 kg Semi Automatic Washing Machine (Burgundy) WTT90AGRT,3.5, ,,,,,
"IFB 7.0 Kg Fully-Automatic Top Loading Washing Machine (TL-SPGS 7.0 KG Aqua, Medium Grey, 2X Power Steam, 4 Years Comprehensive Warranty)",4.1,"25,790",,,,,
"Onida 7.2 kg Cuff and Collar Wash, Designer Glass Lid Semi Automatic Top Load Washing Machine (S72GSB)",3.6,"12,589",,,,,
"IFB 7.0 Kg Fully-Automatic Top Loading Washing Machine (TL-SPGS 7.0 KG Aqua, Medium Grey, 2X Power Steam, 4 Years Comprehensive Warranty)",4.1,"25,790",,,,,
"Tmwilla Washing-Machine-Portable-Mini-Foldable-Washer-And-Spin-Dryer-Small-Foldable-Bucket-Washer-For-Camping-Rv-Travel-Small-Spaces-Lightweight-And-Easy-To-Carry - Liters 2, Top Load",2.3,"1,499",,,,,
Voltas Beko 9 kg Semi Automatic Washing Machine (Burgundy) WTT90AGRT,3.5, ,,,,,
"IFB 8.0 Kg Fully-Automatic Top Loading Washing Machine (TL-R3SG 8.0 KG Aqua, Sparkle Grey, Hard Water Wash, 4 Years Comprehensive Warranty)",4.3,"25,490",,,,,
White Westinghouse 8.5 kg Fully Automatic Top Loading Washing Machine (HDT8500S/GREY/2023),3.4,"12,999",,,,,
"VG Semi Autmatic Washing Machine | Sleek Design and Powerful featured Washing Machine (Maroon,8 Kilograms)", ,"9,790",,,,,
"Samsung 7 KG Front Load washing machine, EcoBubble, DIT Motor, Hygiene Steam, WW70R22EK0X", , ,,,,,
"IFB 7 Kg 5 Star Front Load Washing Machine 2X Power Steam (SERENA ZSS 7010, Silver & Black, In-built Heater, 4 years Comprehensive Warranty)",4.3,"32,900",,,,,
"Samsung 10.0 5 star Fully Automatic Top Load Washing Machine (WA10BG4546BVTL,Black Caviar)",4.2,"26,460",,,,,
"Bosch 10 kg 5 Star Fully Automatic Top Load Washing Machine (WOI105B0IN, Grey)",5,"36,990",,,,,
"Samsung 8 Kg '5-star Ecobubble™ Wi-Fi Inverter Fully-Automatic Top Load Washing Machine Appliance (WA80BG4546BRTL, Rose Brown), Bubble Storm & Super Speed Technology",4.4,"22,490",,,,,
Washing-Machine-Mini-Washer-9L-High-with-Modes-Deep-Cleaning-for-Underwear-Baby-Clothes-or-Small-Items-Foldable-Washing-Machine, ,"1,999",,,,,
"Samsung 9.5 kg, 5 Star, Hexa Storm Pulsator, Semi-Automatic Top Load Washing Machine Appliance (WT95A4200LL/TL, Air Turbo Drying, LIGHT GRAY)",4.1, ,,,,,
"LG 11 Kg 5 Star Inverter Wi-Fi Fully-Automatic Front Loading Washing Machine with Inbuilt heater (FHP1411Z9P, Platinum, AI DD Technology & Steam+ for Hygiene)",4.2,"51,990",,,,,
"VG Semi Autmatic Washing Machine | Sleek Design and Powerful featured Washing Machine (Maroon,9.5 Kilograms)", ,"12,490",,,,,
"Voltas Beko, A Tata Product 6.5 Kg 5 Star Semi-Automatic Top Loading Washing Machine (2024 Model, WTT65UNX/OK3I0I0W01, Blue, Pulsator wash technology) (Sponsored)",2.9,"8,190",,,,,
"Samsung 11.5 Kg Semi-Automatic Top Load Washing Machine Appliance (WT11A4260GD/TL,Dark Gray) (Sponsored)",4.1,"18,499",,,,,
"ONIDA 8 kg 5 Star Fully Automatic Top Load Washing Machine (T80CMB, Black, Hexa Crystal Drum)",4.2,"16,990",,,,,
"Panasonic 6 kg 5 Star Fully Automatic Front Loading Washing Machine (NA-106MB3L01, Grey)",4.4,"27,990",,,,,
"Voltas Beko 6.5kg, Inverter 5 Star Front Load Washing Machine (WFL6510VPWS, White)",4.5,"23,990",,,,,
"Voltas Beko 7.0 Kg, 5 Star, Inverter, Fully Automatic Top Load Washing Machine (WTL70VPBGF, Black), JET Wash/ Hand Wash, Drum Light,Fountain Wash",4.6,"20,000",,,,,
"Whirlpool 10.5 Kg Ace XL Semi-Automatic Top Loading Washing Machine (Ace XL 10.5, Grey, In-Built Heater, 3D Scrub Technology)",4.4,"19,990",,,,,
"LG 11 Kg 5 Star Inverter Wi-Fi Fully-Automatic Front Loading Washing Machine with Inbuilt heater (FHP1411Z9P, Platinum, AI DD Technology & Steam+ for Hygiene)",4.2,"51,990",,,,,
BOSCH 8 kg Fully Automatic Front Load Washing Machine with In-built Heater Silver (WGA1340SIN),4.4,"39,890",,,,,
"Samsung 12 kg, 5 star, Eco Bubble Technology, AI Control , Wi-Fi, Digital Inverter Motor, Fully-Automatic Front Load Washing Machine Appliance (WW12T504DAB/TL, Hygiene Steam, Black Caviar)",4.1,"58,100",,,,,
"Panasonic 7 Kg 5 Star Fully-Automatic Top Load Washing Machine (2024 Model, NA-F70LF3CRB, Charcoal Inox Grey, 12 Wash Program, Active Foam Wash Technology, Antibacterial Water Inlet) (Sponsored)",4.3,"15,190",,,,,
Whirlpool 7.5 Kg 5 Star StainWash Royal Plus Fully Automatic Top Load Washing Machine (SW ROYAL PLUS 7.5 (H) GREY 10YMW with In-Built Heater) (Sponsored),4.1,"17,990",,,,,
"Exegi Enterprise Washing-Machine-Portable-Mini-Foldable-Washer-And-Spin-Dryer-Small-Foldable-Bucket-Washer-For-Camping-Rv-Travel-Small-Spaces-Lightweight-And-Easy-To-Carry - 0.8 Kg, Top Load",3,"1,399",,,,,
"Bosch 6.5 Kg 5 Star Fully-Automatic Top Loading Washing Machine (WOE651D0IN, Dark Grey, Expert Care)",4.1, ,,,,,
"Godrej 7 Kg 5 Star Zero Pressure Technology Fully-Automatic Top Load Washing Machine Appliance (WTEON MGNS 70 5.0 FDTN SRGR, Storm Grey, With Toughened Glass Lid)",3.7,"16,990",,,,,
"IFB 6 Kg 5 Star Fully Automatic Front Load Washing Machine 2X Power Steam (DIVA PLUS BXS 6008, White & Black, In-built Heater, 4 years Comprehensive Warranty)",4.1, ,,,,,
"IFB 8.5 Kg Fully-Automatic Front Loading Washing Machine (Senator Smart Touch SX, Silver, Aqua Energie, 4D Wash)",4.4,"44,450",,,,,
"Haier 12 Kg 5 Star Inverter Direct Motion Motor Fully Automatic Front Load Washing Machine (HWD120-B1558, 525 Duo Wash, Washer, Dyer, 2023 Model, Golden)",4.2,"1,11,300",,,,,
"Panasonic 8 Kg Wifi Fully-Automatic Top Loading Smart Washing Machine (NA-F80X10PRB, Pure Black, Compatible with Alexa)",4.3,"24,490",,,,,
"Godrej 8.5 Kg 5 Star Semi-Automatic Top Loading Washing Machine, more than 99.99% disinfection against viruses, In-built Heater (WSEDGE DIGI 85 5.0 PB2 M GPGR, Graphite Grey) (52141601SD00341)",4.1,"14,290",,,,,
"Whirlpool 7.5 Kg 5 Star Royal Fully-Automatic Top Load Washing Machine (WHITEMAGIC ROYAL 7.5 GENX, Grey, Hard Water Wash, ZPF Technology) (Sponsored)",4.1,"16,490",,,,,
"Samsung 7 kg Fully-Automatic Top Loading Washing Machine (WA70A4002GS/TL, Imperial Silver) (Sponsored)",4.3,"15,690",,,,,
"Haier HWM65-826NZP 6.5Kg Top Load Fully-Automatic Washing Machine, Moonlight Grey",4.2, ,,,,,
"Bosch 7 Kg 5 Star Fully-Automatic Front Loading Washing Machine (WAJ2006EIN, White, AI Active Water Plus, In-Built Heater)",4.3, ,,,,,
Bosch 7 Kg Top Load Washing Machine (WOE703S0IN-N_Silver),5, ,,,,,
"Panasonic 8 kg 5 Star Semi-Automatic Top Loading Washing Machine with Powerful Motor (NA-W80B5ARB, Blue, Active Foam System)",4.2,"13,990",,,,,
"IFB 5.5 kg Front Load Fully-automatic Dryer (TURBO DRY,white,Inbuilt Heater, Allergy Free Technology",3.9,"19,990",,,,,
"IFB 8.5 kg 5 Star Fully-Automatic Front Loading Washing Machine (EXECUTIVE PLUS VX ID, White, In-Built Heater, 4D Wash technology)",4.2,"41,490",,,,,
Pascol Washing-Machine-Portable-Mini-Foldable-Washer-and-Spin-Dryer-Small-Foldable-Bucket-Washer-for-Camping-RV-Travel-Small-Spaces, ,"1,499",,,,,
"Whirlpool 8.5 Kg 5 Star Semi-Automatic Top Loading Washing Machine (ACE 8.5 TURBO DRY, Purple Dazzle)",4.1,"15,490",,,,,
"IFB 6.5 Kg 5 Star Front Load Washing Machine 2X Power Steam (SENORITA VXS 6510, White & Black, In-built Heater, 4 years Comprehensive Warranty)",4.1,"29,950",,,,,
"IFB 6 Kg 5 Star Fully Automatic Front Load Washing Machine 2X Power Steam (DIVA PLUS BXS 6008, White & Black, In-built Heater, 4 years Comprehensive Warranty)",4.1, ,,,,,
"Siemens iQ500 8 kg 5 Star Fully Automatic Front Load Washing Machine (WaterPerfect Plus Technology, WM14J46WIN, White)",3.6,"35,990",,,,,
"Bosch 6.5 Kg 5 Star Fully-Automatic Top Loading Washing Machine (WOE651D0IN, Dark Grey, Expert Care)",4.1, ,,,,,
"Haier 6.5Kg 5 Star Fully Automatic Washing Machine with Muscular Drum, LED Display (HW65-10829TNZP, Titanium Grey)",4.6,"26,690",,,,,
"Lloyd 9 Kg 5 Star Semi-Automatic Top Loading Washing Machine (2022 Model- GLWMS90HPGEX, Pink & Grey)",4.6,"17,900",,,,,
"IFB 6 Kg 5 Star Front Load Washing Machine 2X Power Steam (NEO DIVA SXS 6010, Silver, In-built Heater, 4 years Comprehensive Warranty)",4.2,"27,390",,,,,
"TOSHIBA 7 KG Fully Automatic Top Load Washing Machine (AW-K801A-IND(SG), Silver)",3.8,"18,990",,,,,
"LG 7 Kg 5 Star Inverter Wi-Fi Fully-Automatic Front Load Washing Machine Appliance with In-Built Heater (FHV1207Z4M, Middle Black, AI DD Technology & Steam for Hygiene Wash)",4.2, ,,,,,
"Samsung 7.0 Kg 5 Star Semi-Automatic Top Loading Washing Machine (WT70M3000HP/TL, Light Grey, Air turbo drying)",4.3, ,,,,,
"Samsung 7 Kg 5 Star Inverter Fully Automatic Front Load Washing Machine Appliance (WW70T4020CX1TL Inox, In-Built Heater)",4.3,"36,490",,,,,
"Panasonic 7 kg 5 Star Inverter Fully Automatic Front Loading Washing Machine (NA-147MF1L01, Silver)",3.5,"33,490",,,,,
"IFB 8.5 Kg Fully-Automatic Front Loading Washing Machine (Senator Smart Touch SX, Silver, Aqua Energie, 4D Wash)",4.4,"44,450",,,,,
"LG 11.0 Kg Inverter Wi-Fi Fully-Automatic Top Loading Washing Machine with Steam (THD11STM, Middle Black Color)",3.6, ,,,,,
"IFB 6 Kg 5 Star Fully-Automatic Front Loading Washing Machine (EVA ZX, White, Cradle wash, 2D Wash technology)",4,"28,690",,,,,
"LG 10 Kg 5 Star Wind Jet Dry Rat Away Technology Semi-Automatic Top Loading Washing Machine (P1050SRAZ, Roller Jet Pulsator, Collar Scrubber, Punch + 3, Burgundy)",4.3, ,,,,,
Stylista Waterproof Front Load Washing Machine Cover Compatible for LG 8 kg & 9 Kg checkered Grey,4.1,448,,,,,
"Samsung 10.5 Kg / 7.0 Kg Wi-Fi Enabled Inverter Fully-Automatic Front Load Washer Dryer (WD10T704DBX/TL, Inox, AI Control)",3.8,"69,900",,,,,
"Bosch 10.5/6 KG Inverter Front Load Washer Dryer with LED TOUCH DISPLAY (WNA2E4U1IN,Cast Iron Grey)",4.2,"65,999",,,,,
"LG 8 Kg 5 Star Inverter TurboDrum Fully Automatic Top Loading Washing Machine (T80AJMB1Z, Jet Spray+, Smart Closing Door, Middle Black)",5, ,,,,,
"Samsung 9.0 5 star Fully Automatic Top Load Washing Machine Appliance (WA90BG4686BRTL,Rose Brown)",4.3,"27,585",,,,,
"Haier 12 Kg 5 Star Inverter Direct Motion Motor Fully Automatic Front Load Washing Machine (HWD120-B1558, 525 Duo Wash, Washer, Dyer, 2023 Model, Golden)",4.2,"1,11,300",,,,,
"Bosch 9 KG /6 KG Inverter Front Load Washer Dryer (WNA14400IN, White, Inbuilt Heater 1400 RPM)",4.2,"53,800",,,,,
"Samsung 11 kg, AI Control, Super Speed, Wi-Fi, Hygiene Steam with Inbuilt Heater, Digital Inverter, Fully-Automatic Front Load Washing Machine (WW11CGP44DSBTL, BLACK CAVIAR, 2023 Model)", , ,,,,,
"GOPINATHJI Mini Foldable Washing Machine, Portable Washing Machine - Ultrasonic Cleaning Machine, Small Automatic Portable Underwear Folding Washing Machine",2.3,"2,828",,,,,
Bhayani-Washing-Machine-Portable-Mini-Foldable-Washer-and-Spin-Dryer-Small-Foldable-Bucket-Washer-for-Camping-RV-Travel-Small-Spaces-Lightweight (2.0),2.8,"1,499",,,,,
"HomeAra Anti-Slip, Anti-Vibration Washing Machine Feet Pads - Shock and Noise Cancelling Washer and Dryer Pads for Refrigerator and Home Furniture Appliances (4PCS, Blue)", ,499,,,,,
Mini Foldable Washing Machine, ,"3,006",,,,,
Acorn Crafts Silicon Washing Machine Cloth Wash Brush Cleaning Ball Products Wash Without Detergent Soft Fabric Washer Helper Cleaning Ball (Multicolor Pack of 4), ,299,,,,,
COSYSMART-Washing-Machine-Portable-Mini-Foldable-Washer-and-Spin-Dryer-Small-Foldable-Bucket-Washer-for-Camping-RV-Travel-Small-Spaces-Lightweight (2.0), ,"1,699",,,,,
Washing-Machine-Mini-Washer-9L-High-with-Modes-Deep-Cleaning-for-Underwear-Baby-Clothes-or-Small-Items-Foldable-Washing-Machine, ,"1,999",,,,,
VVE Washing-Machine-Portable-Mini-Foldable-Washer-and-Spin-Dryer-Small-Foldable-Bucket-Washer-for-Camping-RV-Travel-Small-Spaces, ,"1,499",,,,,
Rikriva Washing-Machine-Mini-Washer-High-with-Modes-Deep-Cleaning-for-Underwear-Baby-Clothes-or-Small-Items-Foldable-Washing-Machine-UV, ,"1,999",,,,,
"DMR Foldable Electric Cloth Dryer suitable for 7-8 cloths such as Under Garments, Jeans, T shirts, Towels etc - Hot Air drying of clothes with constant heating.(Model No DMR -GY05B)",4.1,"3,499",,,,,
"IFB 6 Kg 5 Star Fully Automatic Front Load Washing Machine 2X Power Steam (DIVA PLUS BXS 6008, White & Black, In-built Heater, 4 years Comprehensive Warranty)",4.1, ,,,,,
"VG Semi Autmatic Washing Machine | Sleek Design and Powerful featured Washing Machine (Maroon,9.5 Kilograms)", ,"12,490",,,,,
"Whirlpool 10.5 Kg Ace XL Semi-Automatic Top Loading Washing Machine (Ace XL 10.5, Grey, In-Built Heater, 3D Scrub Technology)",4.4,"19,990",,,,,
"IFB 10 Kg 5 Star AI Powered Fully Automatic Top Load Washing Machine (TL S4BLS 10.0 Kg Aqua, Black VCM, 2X Power Steam, 4 Years Comprehensive Warranty)",3.7,"33,990",,,,,
"IFB 6 Kg 5 Star Front Load Washing Machine 2X Power Steam (NEO DIVA SXS 6010, Silver, In-built Heater, 4 years Comprehensive Warranty)",4.2,"27,390",,,,,
Whirlpool 7.5kg Semi-automatic Top Loading Washing Machine ACE 7.5 SUPER SOAK GREY DAZZLE (10 YR),4.5,"14,190",,,,,
"Whirlpool 7.5 Kg 5 Star Bloom Wash Fully-Automatic Top Loading Washing Machine (360 Bloomwash PRO INV H, Graphite, In-Built Heater)",3.9,"25,590",,,,,
Stylista Washing Machine Cover Compatible for Samsung 6.5 kg WW65M206L0W/TL Front Load Maroon,4.2,399,,,,,
"Voltas Beko 7.0 Kg, 5 Star, Fully Automatic Top Load Washing Machine (WTL70UPSCXX, Grey),Fountain Wash",3.3,"18,000",,,,,
"Godrej 7.5 Kg 5 Star In Built Heater With Germshield Technology Fully-Automatic Top Load Washing Machine (WTEON MGNS 75 5.0 FDTG MTBK, Metallic Black, With Toughened Glass lid)",3.9,"18,990",,,,,
"Onida 8.0 kg 5 Star Semi-Automatic Top Loading Washing Machine (S80SCTR, Lava Red)",4.1,"10,499",,,,,
"IFB 9.0 Kg 5 Star Top Load Washing Machine Aqua Conserve (TL-SLBS 9.0KG AQUA, Silver, Power Dual Steam, Inbuilt Heater)",3.5,"30,490",,,,,
"LG 7 kg 5 Star Smart Inverter Technology Fully Automatic Top Load Washing Machine (T70SPSF1ZA, Silver)",3.3, ,,,,,
"Whirlpool 8 Kg Steam Technology Inverter Front Load Washing Machine with In-Built Heater (XS8014BYW52E, Crystal White, 100+ Tough Stains, 6th Sense Soft Move, 2024 Model)",4.2,"30,990",,,,,
"LG 8 Kg Inverter Fully-Automatic Front Loading Washing Machine (FHT1208ZNW, White)",4.5,"44,990",,,,,
"Samsung 11.0 kg Top Load Washing Machine with Hygiene Steam and Wi-Fi, (Black Caviar,WA11CG5886BV)",5,"44,990",,,,,
"IFB 8 Kg 5 Star AI Eco Inverter Fully Automatic Smart Front Load Washing Machines(SENATOR PLUS MXC 8014, 2023 Model, Mocha, 3D Wash Technology, 4 Years Comprehensive Warranty)",4.2,"45,490",,,,,
"IFB 7 Kg 5 Star Front Load Washing Machine 2X Power Steam (ELITE ZRS 7012, Red, In-built Heater, 4 years Comprehensive Warranty)",3.9,"35,990",,,,,
"Samsung 11 kg, AI Control, Super Speed, Wi-Fi, Hygiene Steam with Inbuilt Heater, Digital Inverter, Fully-Automatic Front Load Washing Machine (WW11CGP44DSBTL, BLACK CAVIAR, 2023 Model)", , ,,,,,
Whirlpool 7.5kg Semi-automatic Top Loading Washing Machine ACE 7.5 SUPER SOAK GREY DAZZLE (10 YR),4.5,"14,190",,,,,
Siemens WN54A2U0IN 10/6 Kg 1400 Rpm IQ500 Front Load Washer Dryer,5,"87,755.00",,,,,
"IFB 6 Kg 5 Star Fully-Automatic Front Loading Washing Machine (EVA ZX, White, Cradle wash, 2D Wash technology)",4,"28,690",,,,,
"Onida 8.0 kg 5 Star Semi-Automatic Top Loading Washing Machine (S80SCTR, Lava Red)",4.1,"10,499",,,,,
"IFB 9.0 Kg 5 Star Top Load Washing Machine Aqua Conserve (TL-SLBS 9.0KG AQUA, Silver, Power Dual Steam, Inbuilt Heater)",3.5,"30,490",,,,,
"LG 7 kg 5 Star Smart Inverter Technology Fully Automatic Top Load Washing Machine (T70SPSF1ZA, Silver)",3.3, ,,,,,
"Whirlpool 8 Kg Steam Technology Inverter Front Load Washing Machine with In-Built Heater (XS8014BYW52E, Crystal White, 100+ Tough Stains, 6th Sense Soft Move, 2024 Model)",4.2,"30,990",,,,,
"LG 8 Kg Inverter Fully-Automatic Front Loading Washing Machine (FHT1208ZNW, White)",4.5,"44,990",,,,,
"IFB Laundrimagic 3-in-1 8.5 Kg/6.5 Kg/2.5 Kg Inverter Washer Dryer Refresh (Executive ZXB, Black)",3.8,"60,990",,,,,
"Samsung 11.0 kg Top Load Washing Machine with Hygiene Steam and Wi-Fi, (Black Caviar,WA11CG5886BV)",5,"44,990",,,,,
"IFB 8 Kg 5 Star AI Eco Inverter Fully Automatic Smart Front Load Washing Machines(SENATOR PLUS MXC 8014, 2023 Model, Mocha, 3D Wash Technology, 4 Years Comprehensive Warranty)",4.2,"45,490",,,,,
"IFB 7 Kg 5 Star Front Load Washing Machine 2X Power Steam (ELITE ZRS 7012, Red, In-built Heater, 4 years Comprehensive Warranty)",3.9,"35,990",,,,,
"Samsung 11 kg, AI Control, Super Speed, Wi-Fi, Hygiene Steam with Inbuilt Heater, Digital Inverter, Fully-Automatic Front Load Washing Machine (WW11CGP44DSBTL, BLACK CAVIAR, 2023 Model)", , ,,,,,
Whirlpool 7.5kg Semi-automatic Top Loading Washing Machine ACE 7.5 SUPER SOAK GREY DAZZLE (10 YR),4.5,"14,190",,,,,
"LG 7.5 kg 5 Star Wind jet dry Semi-Automatic Top Load Washing Machine (P7510RGAZ, Dark Gray, Roller Jet Pulsator)",5, ,,,,,
"Bosch 6.5 kg 5 Star Fully-Automatic Top Loading Washing Machine (WOE654Y1IN, Grey, PowerWave wash system)",4.4,"21,699",,,,,
"LG 12 kg Inverter Wi-Fi Fully-Automatic Front Loading Washer Dryer (FH6G1BCHK6N, STS, Inbuilt Heater)",1,"1,14,335",,,,,
Siemens WN54A2U0IN 10/6 Kg 1400 Rpm IQ500 Front Load Washer Dryer,5,"87,755.00",,,,,
"IFB 6 Kg 5 Star Fully-Automatic Front Loading Washing Machine (EVA ZX, White, Cradle wash, 2D Wash technology)",4,"28,690",,,,,
"Lloyd 9 Kg 5 Star Semi-Automatic Top Loading Washing Machine (2022 Model- GLWMS90HPGEX, Pink & Grey)",4.6,"17,900",,,,,
"Samsung 8 kg, 5 star, Semi-Automatic Top Load Washing Machine (WT80C4000RR/TL, Air Turbo Drying, LIGHT GRAY, 2023 Model)", , ,,,,,
"Haier 8.5 Kg 5 Star Voltex Pulsator Semi-Automatic Top Load Washing Machine (HTW85-178, 2023 Model, Red Rose)",4,"14,900",,,,,
"Panasonic 10 Kg Wifi Fully-Automatic Top Loading Smart Washing Machine (NA-F100VF1CB, Dark Silver, 2024 Model, Drynamic Spin)", ,"28,190",,,,,
Voltas Beko 7.5 Kg 5 Star Top Load Fully Automatic Washing Machine (Grey), ,"19,990",,,,,
SWIMERO-Washing-Machine-Mini-Washer-9L-High-Capacity-with-Modes-Deep-Cleaning-for-Underwear-Baby-Clothes-Small-Items-Foldable-Washing-Machine, ,"1,999",,,,,
"IFB 8.5 kg 5 Star Fully-Automatic Front Loading Washing Machine (EXECUTIVE PLUS VX ID, White, In-Built Heater, 4D Wash technology)",4.2,"41,490",,,,,
"Godrej 7.5 Kg 5 Star In Built Heater With Germshield Technology Fully-Automatic Top Load Washing Machine (WTEON MGNS 75 5.0 FDTG MTBK, Metallic Black, With Toughened Glass lid)",3.9,"18,990",,,,,
"Intex 8.2 kg Semi-Automatic Top Loading Washing Machine (IWMSAD82RD, Red White)", ,"12,515",,,,,
"REYANSH Latest Mini Washing Machine Portable Folding Bucket Washer with Modes, Single Person Use Mobile Foldable Washing & Spin Dry for Baby Clothes,Travel, Lightweight and Easy to Carry (1.5)",2.5,"1,899",,,,,
"Oracus 7.2 Kg Fully-Automatic Top-Loading Washing Machine (OWTL72GR, Grey, Active+)",3.5,"13,699",,,,,
"TOSHIBA 7KG Fully Automatic Top Load Washing Machine ( AW-K801A-IND(WK), White )",3.3,"18,990",,,,,
The Furnishing Tree Washing Machine Cover Floral Grey Compatible for Godrej 7.5 Kg Fully-Automatic Top Loading WTEON ADR 75 5.0 FDTH GPGR,4.3,449,,,,,
"Panasonic 7 kg 5 Star Inverter Fully Automatic Front Loading Washing Machine (NA-147MF1L01, Silver)",3.5,"33,490",,,,,
"HANDY/MINI/PORTABLE WASHING MACHINE WITH 5 MINUTES TIMER,GET FREE KITCHEN SCALE WORTH RS. 599 FOR FREE", ,"3,099",,,,,
"Samsung 9 kg, 5 Star, Digital Inverter Motor, Fully-Automatic Front Load Washing Machine (WW90T4040CX1TL, Hygiene Steam, Inox)",4.4, ,,,,,
"ONIDA 11 Kg 5 Star Semi-Automatic Top Loading Washing Machine (S11GS, Blue, Cyclone Pulsator, Waterfall Technology)",1,"14,490",,,,,
"IFB 8 Kg 5 Star Front Load Washing Machine 2X Power Steam (SENATOR SXS 8012, Silver, In-built Heater, 4 years Comprehensive Warranty)",3.7,"35,890",,,,,
